0,QQ,社交网络,7.9.9,2019-03-13,57.61M,/app/com.tencent.mobileqq,"手机QQ，只想与你更接近"
1,微信,4.4以上,apk,7.0.3,104.95M,/app/com.tencent.mm,"微信，是一个生活方式"
2,微博,社交网络,9.3.1,2019-03-13,76.99M,/app/com.sina.weibo,"热点新闻资讯、视频直播，实时掌握"
3,阿里星球,,,,,/app/com.sds.android.ttpod,"粉丝娱乐无所不能"
4,QQ空间,社交网络,8.2.7.288,2019-01-29,31.95M,/app/com.qzone,"随时随地，分享生活，留住感动"
5,MOMO陌陌,社交网络,8.16,2019-03-13,69.48M,/app/com.immomo.momo,"陌陌-开启视频直播社交"
6,QQ轻聊版,社交网络,3.7.1,2018-07-27,11.02M,/app/com.tencent.qqlite,"为低性能手机打造的精简版QQ"
7,百度贴吧,社交网络,9.8.8.5,2018-10-23,48.43M,/app/com.baidu.tieba,"比天涯猫扑豆瓣纯洁的屌丝集中营"
8,MYOTee脸萌(拼出你的卡通头像),4.1以上,apk,3.6.1,19.46M,/app/com.miantan.myoface,"拼出你的卡通头像！"
9,YY,4.0以上,apk,7.15.11,60.00M,/app/com.duowan.mobile,"上YY，无聊全走开，陪你一起嗨"
10,QQ安全中心,社交网络,6.9.9,2018-09-17,14.54M,/app/com.tencent.token,"QQ安全中心让你的QQ随时安全"
11,QQ国际版,社交网络,6.0.1,2018-10-16,21.75M,/app/com.tencent.mobileqqi,"社交生活充满无限可能"
12,腾讯微博,社交网络,6.1.2,2015-09-17,8.27M,/app/com.tencent.WBlog,"腾讯微博"
13,英雄联盟盒子,4.1以上,apk,4.3.7,48.35M,/app/com.duowan.lolbox,""
14,Youni有你,2.2以上,apk,4.8.6.1,13.81M,/app/com.snda.youni,"一款创新的手机社交应用"
15,Google+,5.0以上,apk,10.26.0.233822663,20.62M,/app/com.google.android.apps.plus,"全新Google社交网络体验"
16,新浪微博4G版,社交网络,9.2.0,2019-03-13,70.94M,/app/com.sina.weibog3,"新浪微博分享移动生活"
17,人人- 潮流贴纸天天上新,4.0以上,apk,9.4.4,68.25M,/app/com.renren.mobile.android,"玩图就是这么爽，美图晒图交友社区"
18,比邻,社交网络,5.9.6,2019-01-31,19.11M,/app/com.bilin.huijiao.activity,"比邻-语音交友，免费电话"
19,爱游戏,4.0以上,apk,8.2.0_20181205,9.43M,/app/com.egame,"快乐要简单，就在爱游戏"
20,nice,社交网络,5.3.8,2019-03-08,21.21M,/app/com.nice.main,"时下最潮的图片社交软件！"
21,新浪微博 For Pad,社交网络,2.6.0,2014-06-30,7.90M,/app/com.sina.weibotab,"体验2012版手机微博客户端"
22,米聊,4.4以上,apk,8.6.45,39.28M,/app/com.xiaomi.channel,"玩游戏、抢福利、逗小冰！"
23,百度贴吧极速版,社交网络,8.0.8.0,2018-11-15,9.68M,/app/com.baidu.tieba_mini,"全面提升产品流畅性，更快更省流量"
24,小恩爱,社交网络,6.8.6.14,2019-03-05,35.85M,/app/com.xiaoenai.app,"情侣恋爱神器，一键叫Ta起床"
25,哟,2.3.3以上,apk,1.6.1,6.94M,/app/com.justyo,"很无聊、很火的打招呼应用"
26,有缘网,4.0以上,apk,6.1.6,16.45M,/app/com.youyuan.yyhl,"1亿9836万男女在有缘网找对象"
27,堆糖,4.1以上,apk,7.2.1,22.69M,/app/com.duitang.main,"堆糖,美好生活研究所,让你学会生"
28,K歌达人,社交网络,5.6.3.1,2019-03-11,19.37M,/app/com.app.hero.ui,"专为Ｋ歌爱好者设计的一款Ｋ歌软件"
29,CF掌游宝,社交网络,4.2.3,2018-07-17,67.88M,/app/com.anzogame.cf,"CF最聚人气的手机软件！"
30,聚会玩-谁是卧底，杀人游戏，真心话大冒险集合,4.0.3以上,apk,3.4.1.0,22.88M,/app/com.tengchong.juhuiwan,"多人娱乐最佳应用"
31,爱唱,,,,,/app/cn.banshenggua.aichang,"视频k歌，一起唱吧！"
32,个性,社交网络,3.6.8,2019-02-01,40.50M,/app/com.gexing.ui,"95后青少年头像、签名素材社区"
33,开心网,,,,,/app/com.kaixin001.activity,"最炫、最美、属于你的开心清新版"
34,YY HD,,,,,/app/com.duowan.pad,"支持pad和手机，视频娱乐"
35,Blued,,,,,/app/com.soft.blued,"国内领先的同志软件，同志都在用"
36,OPPO乐园,,,,,/app/com.oppo.community,"oppo用户的专属社区"
37,榴莲,,,,,/app/com.baidu.image,"美女红人短视频广场"
38,知乎,,,,,/app/com.zhihu.android,"知乎官方安卓客户端"
39,世纪佳缘,,,,,/app/com.jiayuan,"青春不常在，抓紧谈恋爱"
40,么么哒,,,,,/app/com.syezon.lvban,"全球最热的约会恋爱交友首选软件"
41,对面,,,,,/app/com.blackbean.cnmeach,"年轻人必备游戏化交友软件"
42,美啦,,,,,/app/com.meilapp.meila,"全民网红女神红人达人时尚聚集地"
43,9158美女直播,社交网络,4.5.1,2019-01-25,39.07M,/app/com.Tiange.ChatRoom,"时下最热门的真人视频直播交友社区"
44,微拍直播,,,,,/app/com.weipai.weipaipro,"火爆的美女直播视频私密交友社区"
45,宝宝树孕育,,,,,/app/com.babytree.apps.pregnancy,"备孕怀孕育儿妈妈必备工具"
46,达答,,,,,/app/com.medialab.quizup,"达答--简简单单 答题交友"
47,百合婚恋,,,,,/app/com.baihe,"上百合网，找认真谈恋爱的人！"
48,冒泡社区,社交网络,7.301,2019-03-01,8.88M,/app/com.skymobi.moposns,"冒泡社区安卓版来了！"
49,口袋植物,,,,,/app/com.hnmoma.expression,"全民植物养成，Q萌high到爆"
50,KaKao交友,,,,,/app/com.kakao.talk,"韩国人气很高的通讯软件哦"
51,豆瓣小组,,,,,/app/com.douban.group,"轻松找到活跃的兴趣小组并参与讨论"
52,笑神来了,,,,,/app/com.zuobao.xiaobao,"就算生活再苦逼，我们仍需小快乐！"
53,KK直播-美女视频交友,社交网络,6.3.0,2019-03-07,45.28M,/app/com.melot.meshow,"高颜值单身，视频交友，互动聊天。"
54,阿里旺旺卖家版,,,,,/app/com.taobao.wwseller,"淘宝网专为淘宝掌柜量身打造的移动旺旺卖家版"
55,微信表情大全,,,,,/app/com.ywqc.show,"微信微博官方推荐聊天神器！"
56,配音秀,,,,,/app/com.happyteam.dubbingshow,"好玩的手机配音软件"
57,秘密,2.1以上,apk,3.8.4,10.58M,/app/secret.app,"每一个你都有相互取暖的力量"
58,LOFTER,,,,,/app/com.lofter.android,"网易旗下兴趣社交应用"
59,友加,,,,,/app/cn.dpocket.moplusand.uinew,"年轻人正在玩的社交直播"
60,酷狗直播,,,,,/app/com.kugou.fanxing,"就是歌手多"
61,有信,,,,,/app/com.yx,"游戏社交平台"
62,优酷拍客,,,,,/app/com.youku.paike,"优酷拍客-最好玩的短视频社交应用"
63,找对象,,,,,/app/cn.shuangshuangfei,"找男友找女友找对象就来这靠谱"
64,淘在路上社区,4.0.3以上,apk,6.5.6,13.69M,/app/com.scienvo.activity,"最热门旅行记录分享应用"
65,秀色-美女秀场,4.0以上,apk,8.2.5,21.34M,/app/com.showself.ui,"邂逅女神秀场，屌丝逆袭百富美。"
66,珍爱网,,,,,/app/com.zhenai.android,"珍爱网手机客户端手机征婚相亲利器"
67,无限唱,,,,,/app/com.wuxiantai,"无限唱 在线手机ktv包房聊天"
68,点心拨号,,,,,/app/com.dianxinos.dxbb,"快速拨号、防骚扰、超级黄页、触宝"
69,Snapeee照片社交,,,,,/app/jp.co.mindpl.Snapeee,"只针对女孩子使用的卡哇伊图片社交应用"
70,新浪唱聊美女视频交友聊天,,,,,/app/com.sina.show,"客户端只是尚可，但妹纸真不少"
71,MRP模拟器(冒泡官方版),,,,,/app/com.skymobi.mopowydt,"用安卓手机玩功能机网游"
72,QQ个性签名,,,,,/app/com.gexing.qianming.ui,"最新、最全、最流行QQ个性签名！"
73,玩聊,,,,,/app/com.clou.sns.android.anywhered,"一分钟约到附近单身美女"
74,天涯社区,,,,,/app/cn.tianya.light,"内容创作、知识分享兴趣社交平台"
75,口袋·EXO,,,,,/app/com.yinyuetai.fangarden.exo,"口袋•EXO把小狼崽装进你的口袋"
76,电玩游戏,,,,,/app/com.mame.daykof97,"用体验最棒的街机拳皇97格斗游戏"
77,禁果社区,,,,,/app/inwaves.qngoo,""
78,Weico 3 微博客户端,4.0以上,apk,4.8.1,17.70M,/app/com.eico.weico,"简而不减，焕然新生"
79,辣妈帮-最活跃的女性分享交流社区,,,,,/app/com.wangzhi.MaMaHelp,"最好玩的备孕、怀孕、育儿辣妈社区"
80,掌上英雄联盟,,,,,/app/com.tencent.qt.qtl,"腾讯游戏英雄联盟官方app"
81,心动图片集,4.4以上,apk,8.0.6,26.76M,/app/com.weheartit,"找到你所有喜爱事物的最美丽图片的App"
82,约会吧,,,,,/app/com.youyuan.yhb,""
83,快约-同城约会交友,,,,,/app/com.ikuaiyue,"美女交友，同城约会，兼职交友"
84,不得姐的秘密,,,,,/app/com.budejie.mimi,"吐槽你周围的各种极品"
85,陌陌定位,,,,,/app/com.zhaomomo.Location,"定位陌陌好友"
86,粉扑,,,,,/app/com.dabanniu.hair,"最强美妆产品问答社区"
87,Fuubo微博,,,,,/app/me.imid.fuubo,"第三方微博客户端，丰富一下微博的功能"
88,微信炫字体,,,,,/app/com.ywqc.xuan,"微信炫字体，趣味聊天神器！"
89,手游帮-游戏最佳帮手,,,,,/app/com.muji.guidemaster,"刀塔传奇礼包攻略应有尽有！"
90,QQ网名,,,,,/app/com.gexing.wangming.ui,"QQ网名方便用户选择自己的网名"
91,BiBi——匿名聊天，调戏好友，搭讪陌生人,,,,,/app/com.renren.mimi.android,"匿名聊天，调戏好友，搭讪陌生人"
92,想恋爱,,,,,/app/cn.xianglianai,"线上聊天线下见面快速约会"
93,pixiv社区,4.4以上,apk,5.0.129,19.35M,/app/jp.pxv.android,"日本艺术家的社群，我们主要可以去淘漫画"
94,qt语音社区,,,,,/app/com.appbyme.app56511,""
95,女孩秀,,,,,/app/cn.intimes.nvhaixiu,"清新校服，邻家小妹，娇蛮御姐"
96,Weico新浪微博客户端,2.2以上,apk,2.7.2,9.43M,/app/com.weico.sinaweibo,"全新 Weico2.4.0 Android版，更流畅个性的微博体验！"
97,乌鸦,,,,,/app/de.wuya,"匿名爆料身边的秘密"
98,人人,,,,,/app/com.renren.mobile.apad,"找同学，上人人"
99,热恋,,,,,/app/cn.relian99,"最快最好的脱单必备神器"
100,闺蜜圈,4.0以上,apk,4.9.3,19.69M,/app/com.vanchu.apps.guimiquan,"女生的秘密后花园"
101,炫彩字体,,,,,/app/org.xinmei.xuanziti,"炫彩字体-微信聊天必备工具"
102,花田交友,4.4以上,apk,6.19.0,35.00M,/app/com.netease.huatian,"摆脱单身生活，快速寻找异性缘分。"
103,人人mini-专注校园交友,,,,,/app/com.renren.mini.android,"专注校园交友，发现同校陌生的她"
104,牵手恋,,,,,/app/com.qianshoulian.app,"最真实的千万单身男女相亲交友"
105,有恋网,,,,,/app/com.rdno.sqnet,"有恋，单身贵族的乐园"
106,脸盆网,,,,,/app/com.facebolw.sociax.android,"SNS 社交  爱情公寓 交友"
107,LINE自拍贴图,,,,,/app/com.linecorp.lineselfie.android,"LINE自拍照片转换为贴图"
108,领英,,,,,/app/com.linkedin.android,"全球社交招聘平台"
109,多玩约战,,,,,/app/com.yy.a.liveworld,"多玩约战出品美女真人直播秀场"
110,花瓣 - 采集你喜欢的,,,,,/app/com.huaban.android,"小编御用找图软件 竖图较多适合做壁纸"
111,漂流瓶,,,,,/app/com.jiubang.app.piaoliuping,"随时随地写下你的愿望，你的瓶子将漂向TA"
112,恋恋,,,,,/app/os.xiehou360.im.mei,"同城约爱，高颜值快速交友约会！"
113,谁叫我起床,2.3.3以上,apk,2.8,15.26M,/app/com.jianjian.clock.activity,"未知的TA，以及早安。"
114,微聚-交友约会神器,,,,,/app/com.weiju,"告别单身，马上约会。"
115,捉友 - 掌握亲友位置,,,,,/app/com.broventure.catchyou,"查看亲友的位置，捉住重要的人"
116,微信聊天泡泡,,,,,/app/com.ywqc.bubble,"卖萌神器,粉粉字体,日记必备"
117,汇友,,,,,/app/com.zte.hub,""
118,找大叔,,,,,/app/com.goodnewsapp.zhaodashu,"和优质大叔约会"
119,微信表情包,,,,,/app/com.dabing.emoj,"让你的表情动起来"
120,MSN聊天,1.6以上,apk,2.0.90,2.88M,/app/miyowa.android.microsoft.wlm,"第三方MSN应用，实现即时聊天"
121,Behance,,,,,/app/com.behance.behance,"在这里碰撞出灵感的火花！"
122,奇缘相亲,3.0以上,apk,7.1,11.27M,/app/com.xq.main,"全国相亲活动，奇缘寻爱之旅"
123,植物大战僵尸2聊天群,,,,,/app/com.weme.ggc.zombie,"《植物大战僵尸》玩家专用群聊工具"
124,掌上猫扑,,,,,/app/com.mop.activity,"千万网友都在用的看帖神器！"
125,暴走漫画,,,,,/app/com.baozoumanhua.aibaoman,"暴走漫画之节操都市"
126,手机Wifi热点,,,,,/app/com.dyxc.wifiap,"使用手机建立热点，共其他有wifi的设备使用"
127,相亲交友同城约会-百合网见见,,,,,/app/com.baihe.meet,"相亲交友同城约会-百合网见见"
128,百度贴吧青春版客户端,,,,,/app/com.baidu.tieba_variant_youth,"不一样的青春，不一样的贴吧！"
129,腾讯微博HD,,,,,/app/com.tencent.microblog,"腾讯微博Android Pad客户端"
130,啊噜哈,,,,,/app/cn.Longmaster.iPeng.Activity,"啊噜哈--分享欢乐时光"
131,微密,,,,,/app/com.weimi,"有图·有真相的匿名爆料神器"
132,朋友定位-足迹迷,,,,,/app/com.zujimi.client.activity,"与朋友一起分享位置！"
133,天天飞车 玩吧攻略,,,,,/app/com.itold.ttfc,"最给力的《天天飞车》社区！"
134,妈妈社区,,,,,/app/com.ci123.pregnancywap,"妈妈交流社区，怀孕育儿园地"
135,时空猎人YOYO社区,,,,,/app/com.u9.yoyo.sklr,"时空猎人最人气社区"
136,图吧-手机看图神器,,,,,/app/com.itubar.tubar,"型男嫩妹猎图的必备杀器！"
137,搞笑QQ动态表情,,,,,/app/lgc.funnyqq.activity,"汇集众多搞怪、搞笑QQ动态表情"
138,湖南卫视呼啦,,,,,/app/cn.whonow.whonow,"为欢聚，呼啦！"
139,街旁 - 城市生活、美食交友、优惠LBS！,,,,,/app/com.jiepang.android,"街旁，我们重新定义签到！"
140,QQ找对象,,,,,/app/com.appbyme.app45394,"交换qq找对象的必备利器"
141,嗨皮皮,,,,,/app/com.draw.huapipi,"动漫二次元福利生产社区"
142,明星汇,,,,,/app/com.mxhapp,"明星汇-手机必备娱乐粉丝社交神器"
143,Waze交通达人,,,,,/app/com.waze,"一款很酷的以驾车交通为基点的社交网络"
144,派派,,,,,/app/com.ifreetalk.ftalk,"聊天、语音直播，红包"
145,微信语音表情,,,,,/app/com.ywqc.showsound,"最具创意微信搞笑神器"
146,有缘约会,2.2以上,apk,5.2.0,3.31M,/app/com.youyuan.yyapp,"马上约会，马上有对象"
147,呱呱视频-美女交友直播,,,,,/app/com.guagua.guagua,"最火爆秀场，随时与女神互聊"
148,蛋宝聊天室,,,,,/app/mobisocial.omlet,"让你个性选择自己的社交方式"
149,QQ在线状态查询,,,,,/app/com.znn.qqonline,"想不想和心中的TA在QQ上来个不期而遇？"
150,说吧,,,,,/app/com.kugou.community,"说吧，汇聚你我的声音"
151,恋爱记,,,,,/app/com.lianaibiji.dev,"连续365天说我爱你送1314元"
152,爱吧,,,,,/app/com.aiba.app,"成功率最高的婚恋交友平台"
153,乐侃,,,,,/app/com.aini25.netchat,"一大波美女正在向你靠近！"
154,邪恶图片,,,,,/app/com.xieetupian,"各种邪恶图片供您欣赏 绝对笑喷"
155,秀吧,,,,,/app/com.hongdou.activity,"最嗨最爽最靓的视频聊天交友软件"
156,九秀直播,,,,,/app/com.ninexiu.sixninexiu,"美女直播激情交友，漫漫长夜不寂寞"
157,私密圈,,,,,/app/com.duowan.privacycircle,"私密圈，与真实的生活对话。"
158,好多动漫图片,社交网络,4.7.8,2019-03-02,10.04M,/app/com.east2d.everyimage,"百万高清二次元动漫美图社区"
159,车友会,,,,,/app/com.autohome.club,"汇车 汇友 会生活"
160,植物大战僵尸2完美攻略,,,,,/app/com.youc.gameguide.zhiwu,"最完美的植物大战僵尸2攻略库"
161,节奏大师歌曲刷分辅助,,,,,/app/com.youc.gameguide.jzds,"手把手教你节奏大师刷分攻略"
162,新浪微米,,,,,/app/com.lanshan.weimi,"来微米和明星、女神一起直播吧！"
163,WiFi信号实况,4.2以上,apk,4.46.03,18.19M,/app/de.android.wifiscanner,"全方位展示wifi相关数据的应用"
164,EXO粉丝团,,,,,/app/com.appbyme.app4405,"EXO exo 吴世勋 鹿晗 kris吴凡"
165,豆瓣同城,,,,,/app/com.douban.event,"豆瓣同城活动手机客户端"
166,中国好声音官方客户端,,,,,/app/cn.impressmedia.thevoiceofchina,"中国好声音官方客户端"
167,微信通,,,,,/app/com.ts.wxt,"比微信更懂你"
168,么么直播,,,,,/app/com.memezhibo.android,"老司机最爱的真人美女视频直播神器"
169,抱抱-单身聊天交友,,,,,/app/cn.myhug.baobao,"单身男女聊天交友同城恋爱！"
170,新浪好声音-随时随地KTV,,,,,/app/tiange.sina.voice,"移动KTV，你可以随时随地K歌"
171,樱桃同性恋交友,,,,,/app/com.lovetongren.android,"全国最大同时支持男女同志手机应用"
172,丫酷美女视频聊天社区,,,,,/app/com.boxin.yaakuu,"天天与美女主播零距离聊天视频"
173,内涵社,,,,,/app/com.neihanshe.intention,"内涵社 - 最无节操内涵分享社区！"
174,夜都市,2.3.3以上,apk,4.1.5,14.38M,/app/waco.citylife.android,"夜生活助手,不只是陌陌交友"
175,四次元:新浪微博客户端,,,,,/app/org.qii.weiciyuan,"个人开发的简洁好用的新浪微博客户端"
176,微友,,,,,/app/com.weibo.messenger,"为新浪用户量身打造的聊天交友工具"
177,手机赚钱宝,,,,,/app/com.weightcount,"android手机上最有效的赚钱应用"
178,大家来K歌,2.2以上,apk,4.0.6,4.12M,/app/com.nbblabs.toys.singsong,"以歌汇友，甜蜜互动！"
179,双人定位,,,,,/app/com.mysoftware.mutuallocation,"本软件提供了双方许可条件下的互相定位"
180,恋爱,,,,,/app/com.juedui100.sns.app,"用恋爱 发现爱，从此桃花朵朵开！"
181,美女直播,,,,,/app/com.taiku.mpchat.mnzb,"大型真人美女视频互动平台"
182,GogoDate陌生人约会交友,,,,,/app/com.syezon.gogo,"最让人心动的约会应用"
183,Ask.fm问答社区,,,,,/app/com.askfm,"排名第一的问答社交APP"
184,小鱼网,,,,,/app/com.shengshi,"厦门本地资讯共享、同城交友论坛"
185,悠悠-图说心里话!,,,,,/app/com.duke.shaking,"悠悠，图说心里话，发现新朋友！"
186,脉脉,,,,,/app/com.taou.maimai,"离成功，就差“脉”出这一步"
187,微信表情包大全,,,,,/app/com.weixin.emojibox,"让你的微信聊天动起来"
188,QQ 个性化,,,,,/app/com.example.qq,"QQ个性网名，个性签名，个性分组等信息"
189,骑记,,,,,/app/cc.iriding.mobile,"组队骑行社交，俱乐部管理"
190,美丽约,,,,,/app/com.meiliyue,"出售时间技能的社交平台"
191,画吧,,,,,/app/com.haowan.huabar,"画吧是最好玩的手机涂鸦社区！"
192,丁香园,,,,,/app/cn.dxy.idxyer,"随时随地访问丁香园。"
193,贝贝,,,,,/app/com.ishehui.tiger,"★有趣的交友，不忐忑，很刺激★"
194,邦邦掌柜,,,,,/app/com.bangbang,"邦邦掌柜免费网络电话软件，实现通讯0费用。"
195,K歌房,,,,,/app/com.qixi.ksong,"美女直播，视频，唱歌，交友，婚恋"
196,鲜果美女,,,,,/app/com.thefansbook.weibotopic.xianguomm,"查看最新的鲜果美女图片"
197,口袋妖怪口袋吧,,,,,/app/com.koudai8.android,"您身边的口袋妖怪专家"
198,Flipagram,4.0.3以上,apk,10.5.0,56.36M,/app/com.cheerfulinc.flipagram,"为自己的相册配上背景音乐吧！"
199,**约会,,,,,/app/com.youyuan.jqyh,"约会交友，邂逅你身边的她"
200,魔方游戏宝,,,,,/app/com.mofang.mgassistant,"全球最热门手游玩家社区"
201,爱讲冷笑话,,,,,/app/com.coldworks.coldjoke,"我们爱讲冷笑话唯一官方应用"
202,薇蜜－女生闺蜜必备，男友鉴定神器,,,,,/app/com.xingqu.weimi,"女生匿名八卦点评男生"
203,聊天室,2.3以上,apk,7.3.1,10.70M,/app/com.chatimity.android.chatimity,"简洁、自由的轻量级聊天室"
204,简图,,,,,/app/io.egg.jiantu,"写字，配图，分享到微信和微博"
205,口袋fx,2.2以上,apk,1.2.0,26.36M,/app/com.yinyuetai.fangarden.fx,"把f(x)装进你的口袋！"
206,篱笆社区,5.0以上,apk,6.6.2,12.50M,/app/com.liba.android,"年轻家庭，生活社区"
207,婚礼相册,4.0.3以上,apk,3.6.0,12.95M,/app/com.baihe.marry,"记录爱情历程和筹婚经历的私有相册"
208,爱城找对象交友,社交网络,2.9.7,2018-05-20,2.19M,/app/com.aicheng2199,"爱城2199 交友约会相亲平台"
209,柚柚育儿怀孕母婴,社交网络,7.2.0,2019-01-09,28.62M,/app/dianyun.baobaowd,"备孕怀孕育儿问题解决专家"
210,Meow即時隨機聊天,4.0.3以上,apk,5.0.8,11.65M,/app/com.minus.android,"Minus是一款拉近人与人之间距离的社交APP"
211,凯迪,4.4以上,apk,3.5.4,16.62M,/app/net.kdnet.club,"凯迪－发现信息价值"
212,飞聊,2.1以上,apk,2.2.0002,7.41M,/app/com.feinno.felio,"飞聊是中国移动荣誉出品的即时通讯工具，拥有中国移动纯正血统，3G通讯时代革命性产品。使用飞聊可以和朋友们发送语音、文字、图片等消息，省钱又有趣，沟通更流畅。"
213,表白神器,4.0以上,apk,3.0.0226,16.76M,/app/com.bbshenqi,"表白神器是熟人间恋爱、交友的私密"
214,微精选,社交网络,2.9.1,2013-12-19,5.09M,/app/com.cola.twisohu,"微闻趣事大集合，量身定制微精选。"
215,花粉俱乐部,4.3以上,apk,9.0.3.300,11.59M,/app/com.huawei.fans,"华为粉们的天下"
216,爱玩4G,2.3以上,apk,1.3.6_0418,7.23M,/app/cn.egame.terminal.client4g,"爱游戏，就来爱游戏！"
217,PlayStation中心,4.4以上,apk,19.02.0,25.00M,/app/com.scee.psxandroid,"索尼PS的手机控制中心"
218,跳舞吧视频交友,社交网络,1.0.6,2013-07-03,1.85M,/app/com.Tiange.Tiao58,"与十万美女畅聊，随时观看精彩表演"
219,有恋约会,2.2以上,apk,2.9.1,4.15M,/app/cn.ulinked.activity,"陌生人交友约会的社区"
220,央视微博,社交网络,2.0.3,2013-11-05,2.64M,/app/com.cntv.cntvweibo,"央视微博android版手机客户端"
221,云上家人安心,2.2以上,apk,60.2017.2.19,11.31M,/app/com.sosocome.family,"对方关闭网络也可定位"
222,摇摇看,4.0以上,apk,5.0.0,12.55M,/app/com.goldia.yyl,"江西二套独家出品的手机互动软件"
223,音缘交友,2.2以上,apk,3.0,13.11M,/app/cn.ym,"单身男女，免费聊天。"
224,XMS,2.3以上,apk,2.21.5,14.71M,/app/com.ebuddy.android.xms,"功能不仅限于手机短信"
225,二人世界－情侣恋爱全纪录,2.1以上,apk,3.28,7.62M,/app/com.coupleworld2,"二人世界——最深入纪录的恋爱工具，最有情趣的私密情侣应用"
226,乐乐交友,,,,,/app/com.i366.com,"第一款一对一视频社交游戏"
227,乐享电视,,,,,/app/com.jstv.lxtv,"江苏广电独家打造的社交电视平台"
228,玩机宝典,,,,,/app/com.feiliu.wanjibaodian,"安卓用户手边最全的玩机攻略，玩转你的安卓手机"
229,豆瓣广播,,,,,/app/com.douban.shuo,"生活在此流动"
230,头条新闻,,,,,/app/com.thefansbook.topnews,"播报每日全球各类重要资讯、突发新闻"
231,漂流瓶子,,,,,/app/com.hnmoma.driftbottle,"轻松脱单恋爱必备神器"
232,Opera Mini Next,,,,,/app/com.opera.mini.next.android,"下一代Opera Mini的预览版本"
233,女孩的秘密,,,,,/app/com.douliu.android.secret,"1分钟找到附近单身妹子！"
234,飘飘,,,,,/app/com.piaomsg,"没有飘飘解决不了的寂寞"
235,约你,,,,,/app/com.lingtuan.nextapp,"无网聊天，邀约，不见不散！"
236,汤圆创作,4.1以上,apk,5.5.3,31.46M,/app/com.itangyuan,"年轻人就用手机写小说"
237,微可拍,,,,,/app/com.weico.plus,"你感兴趣的好照片！"
238,聊天约会,,,,,/app/com.vip186.zmm,"美女聊聊，打造全国最大的聊天、交友、约会互动娱乐社区！"
239,红娘网,,,,,/app/com.redwomannet.main,"严肃的交友平台！"
240,碰碰,,,,,/app/com.asiainno.pengpeng,""
241,趣拍,,,,,/app/com.duanqu.qupai,"人人都是综艺咖！"
242,玩拍－短视频分享社区,,,,,/app/com.avos.minute,"最火的短视频分享社区"
243,签到交友,,,,,/app/com.joelapenna.foursquared,"LBS鼻祖，签到分享获得奖励"
244,Vida 微图记,,,,,/app/com.moregg.vida,"分享记录生活，互动娱乐社区"
245,抬杠,,,,,/app/com.hoodinn.venus,"只想找人聊聊天"
246,靠谱妈—备孕、怀孕、育儿必备的备孕助手、怀孕管家、育儿知识大全,,,,,/app/com.bbt.ask,"5分钟解决备孕、怀孕、育儿问题"
247,女优百科,,,,,/app/com.avstarmagazine.main,"日本女优百科信息"
248,艾米手机视频,,,,,/app/com.mobimtech.imichat,"美女聊天室在线演艺。"
249,神聊 –  手机聊天室,,,,,/app/com.tuixin11.sms,"神聊 – 全球首家基于地理位置的手机聊天室"
250,小木虫,,,,,/app/net.discuz.emuch,"小木虫，学术科研第一站，官方出品客户端"
251,都秀嗨皮-,,,,,/app/com.doshow,"都秀嗨皮--聚疯狂 聚嗨皮"
252,兜兜友,,,,,/app/com.telenav.doudouyou.android.autonavi,"兜兜友-告别单身全新利器"
253,i时尚,,,,,/app/com.itrends,"i时尚 - 时尚无处不在"
254,友邻,,,,,/app/com.portaura.myaura,"发现身边的有缘人！"
255,美女爱自拍,,,,,/app/com.appbyme.app3754,"自己拍的，拍自己的，都拿出来现现吧！"
256,5126社区,,,,,/app/com.gaoqing.android,"5126社区-美女直播真人秀"
257,真心话大冒险,,,,,/app/com.TruthOrDare,"倒霉孩子来晒晒囧事糗照"
258,网名宝典,,,,,/app/com.ioteam.netname,"最新网名、最全网名、最流行的个性网名！"
259,嗡嗡--蚂蜂窝,,,,,/app/com.mfw.wengweng,"你的足迹是世界的风景"
260,秀吧,2.3.3以上,apk,1.4.20140523,5.66M,/app/com.bokecc.gs,"你在秀，我在看！"
261,换图-匿名照片交换,,,,,/app/com.yy.mosaic,"匿名照片交换社区"
262,AceBridge,,,,,/app/acebridge.android,"时尚菁英的精准社交App"
263,Hello语音,社交网络,4.7.20,2019-03-13,16.34M,/app/com.yy.huanju,"最温馨好玩的语音交友社区。"
264,网易微博,,,,,/app/com.netease.wb,"做有态度的微博控，随时随地记录微生活！"
265,星座通,,,,,/app/com.chenqi.activity,"通过该软软可以查看你的生肖,星座,血型,星座"
266,随聊,,,,,/app/air.com.heyushikong.vchat,"随聊是陌生人手机随机视频聊天应用"
267,暴走漫画精简版,,,,,/app/com.baozoumanhua.androidlite,"暴走漫画精简版，看暴漫更畅快"
268,得意生活,,,,,/app/com.deyi.client,"周周免费看电影吃大餐"
269,微语音,,,,,/app/com.shorttaillab.weiyuyin,"微信必备插件 - 史上最NB的微信聊天插件"
270,黑猫-精准定位,,,,,/app/com.perfay.blackcat.ui,"您可以实时关注指定手机的地理位置、状态等信息"
271,叽友,,,,,/app/com.weme.im,"叽友群聊，不再寂寞！"
272,漂流瓶,,,,,/app/com.globalapp.floatingbottle,"漂流瓶，寻找你的缘分，寻找你的激情"
273,记录爱情侣空间,,,,,/app/cn.jiluai,"最有爱的情侣空间应用"
274,泡你妹,,,,,/app/cn.fjxq,"帅哥美女， 交友神器 。"
275,Pick图片社交,,,,,/app/jp.naver.pick,""
276,宠爱,,,,,/app/com.chongai.co,"全球首款高端社交应用"
277,教育通,,,,,/app/com.rdweiba.edu,"微课程交流互动平台"
278,经管之家,,,,,/app/org.zywx.wbpalmstar.widgetone.uex10075364,"经管类知识的互动学习平台,学习"
279,i秀 - 爱交友，疯狂秀,,,,,/app/com.ishow.ui,"i秀，梦想的起点，移动星工场！"
280,组队玩儿,,,,,/app/com.samsung.groupcast,"建立手机无线局域网"
281,YiBo微博客户端 -- 新浪微博、腾讯微博、搜狐微博、网易微博、饭否,,,,,/app/net.dev123.yibo,"聚合型微博客户端，支持新浪、腾讯、搜狐、网易和饭否微博，支持多账户跨平台同步发布与分享"
282,咔嚓 - 阅后即焚私密自拍聊天交友,,,,,/app/com.himissing.poppy,"最受欢迎的阅后即焚的私密图片社交"
283,KK觅友 KKtalk--陌生人移动社交,,,,,/app/com.kkliaotian.android,"KK觅友，拉近心的距离！"
284,Vkontakte,,,,,/app/com.vkontakte.android,"俄罗斯最大社交网站的客户端应用"
285,聊聊,,,,,/app/com.liao,"社交应用又出“召唤式”新玩法～"
286,NGA玩家社区,,,,,/app/gov.pianzong.androidnga,"热门攻略，前瞻资讯，应有尽有！"
287,皮皮精灵—微博定时,,,,,/app/com.fingerage.pp,"皮皮精灵 皮皮时光机 微博定时"
288,51空间,,,,,/app/com.fiveone.lightBlogging,"真实美女最多的SNS社区51.com荣誉出品"
289,iCo新浪微博客户端,,,,,/app/magic.yuyong,"最轻量，最清新的新浪微博客户端"
290,不夜城之**男女,,,,,/app/com.swordfishsoft.android.sexcity,"不夜城—隆重公测。"
291,Fancy,,,,,/app/com.thefancy.app,"全新电子商务平台"
292,Smooth微博客户端,,,,,/app/com.mzba.happy.laugh,"Smooth微博客户端"
293,手信,,,,,/app/android.skymobi.messenger,"手信是一款好玩、实用的通讯录社交软件。"
294,明星库,,,,,/app/com.simpleyang.app,"粉丝们的专属APP"
295,天天微交友,,,,,/app/com.appbyme.app21378,"寻找交友的快乐！"
296,友信,,,,,/app/com.youx.android,""
297,口袋•BIGBANG,,,,,/app/com.yinyuetai.fangarden.bigbang,"把大爆炸装进你的口袋！"
298,呱呱唱聊天天K歌,,,,,/app/com.guagua.guachat,"国内知名的视频互动交友平台"
299,动心-看美女，捧女神,,,,,/app/com.huinfo.mm,"上动心，看美女，捧女神!"
300,微信颜文字表情,,,,,/app/org.mfactory.social.emoticons,"微信辅助应用，提供了大量颜文字表情"
301,找到Ta,,,,,/app/com.tinder,"基于地理位置为你推荐对象"
302,掌上旺信,,,,,/app/com.taobao.wangxin,"淘宝推出的轻量级手机聊天应用"
303,美发秀秀,2.1以上,apk,3.92,1.81M,/app/com.delingrj.android.beautylife,"美发秀秀，看美图，学发型"
304,部落战争精品攻略,2.1以上,apk,1.0.0,13.29M,/app/com.wowka.gameguide.clashofclans,"最全的部落战争攻略库"
305,陌生人的对话,,,,,/app/net.devking.randomchat.android,"同城附近陌生人交友约会神器"
306,美美,,,,,/app/me.meimei.android,"留住最美的你！"
307,手心赚,,,,,/app/com.android.Guarder,"一款专门为你赚钱的软件"
308,谜语大全及答案,,,,,/app/com.andow.appRiddle,"千条谜语.离线阅读,每日精品推荐."
309,家人关爱——随时随地关注家人安全,,,,,/app/com.coomix.app.family,"随时随地关注家人安全"
310,恋恋,,,,,/app/com.xiehou,"跟熟悉的陌生人有个约会！"
311,软件数据线,,,,,/app/com.lyy.softdatacable,"随时随地无线传输文件"
312,可信,,,,,/app/ws.coverme.im,"私密微信与隐私保险箱"
313,掌上论坛,,,,,/app/net.discuz,"掌上论坛一款手机客户端浏览论坛的产品"
314,驴行天下,,,,,/app/com.apporig.traveller,"旅行类第一掌上社区！"
315,长微博,,,,,/app/cn.cdsama.longweibo,"突破140限制，就用长微博"
316,红围脖,,,,,/app/com.sina.hongweibo,"新浪红围脖"
317,ooVoo Video Chat,,,,,/app/com.oovoo,"ooVoo Android 可以进行免费的 6人群组视频聊天、即时通讯。"
318,陌路聊天,,,,,/app/com.haily.stranger,"寂寞聊天"
319,TSF 信息小部件,,,,,/app/com.tsf.shell.widget.message,"TSF专属小部件"
320,秒唱,,,,,/app/com.ys.youshow,"秒唱-30秒唱高潮"
321,文字变图片,,,,,/app/com.yigutech.texttopic,"轻松发长微博和适合图片场合"
322,爱情公寓,,,,,/app/com.ipart.android,"最受亚洲女孩欢迎的交友网站"
323,飞行棋—寻找喜欢玩飞行棋的朋友！,,,,,/app/com.ifudi.coushou.view.a9,"兴趣圈子从凑手开始！"
324,二柄,,,,,/app/com.diershoubing.erbing,"专注PS4/Xbox One玩家"
325,校园无忧网,,,,,/app/com.school51,"校园无忧网官方安卓客户端"
326,丽人之家,,,,,/app/com.apporig.beauty,"女性类第一掌上社区！"
327,有聊(百度贴吧官方版),,,,,/app/com.baidu.tieba.local,"本地语音群聊APP"
328,精武英雄,,,,,/app/com.qqpractice.activity,"开启QQ精武堂免费自修时代"
329,脸脸,,,,,/app/cn.dface,"随时随地发现生活新乐趣"
330,同城约会,,,,,/app/com.netease.citydate,"约会神器在手，马上有对象！"
331,画友,3.0以上,apk,5.5.3,15.10M,/app/com.imhuayou,"美术社交平台－让作品会说话"
332,我是我来电秀,,,,,/app/net.jijian,"打给你，秀出我"
333,对面交友,,,,,/app/com.blackbean.cnmeach02,"对面-美女，最潮的约会应用"
334,微信聊天动态表情,,,,,/app/com.weixin.gifemoji,"微信聊天动态表情，让你的聊天更有趣"
335,妞妞爱笑话,2.1以上,apk,1.05,1.30M,/app/com.lin.midea,"如果我给你的，和别人给你的一样，那就不要了"
336,Instructables创意分享,,,,,/app/com.adsk.instructables,"一个很有创意的分享平台"
337,班家-连接学校与家庭的教育交流工具,,,,,/app/com.banjicc.activity,"班家--连接校园与家庭！"
338,搭伴玩-约吗旅行去,,,,,/app/com.dbw.travel.ui,"旅游旅行捡人社区"
339,你画我猜 汉字版,,,,,/app/com.just521.mydraw,"中国画， 中国话， 你画我猜汉字版"
340,51交友,,,,,/app/com.fiveone.date,"真实美女最多的SNS社区51.com荣誉出品"
341,饭否,2.1以上,apk,1.9.1,1.64M,/app/com.fanfou.app," 饭否(fanfou.com) 客户端"
342,蜂鸟社区,,,,,/app/com.jfy.mobile.hummingbird,"摄影网站蜂鸟网客户端"
343,论坛助手,,,,,/app/com.quoord.tapatalkpro.activity,"风靡国外的论坛发帖辅助工具"
344,几米,,,,,/app/com.seclock.jimi,"基于真实位置实时群聊，可自建聊天室"
345,炉石传说盒子,,,,,/app/com.youc.gameguide.hearthstone,"最完美的炉石传说辅助攻略库"
346,对面觅友,社交网络,V6.6.3,2019-02-18,43.11M,/app/com.blackbean.duimianjiaoyou,"对面把妹：娱乐至上"
347,kds宽带山,5.0以上,apk,3.5.5,59.88M,/app/net.pchome.kds,"上海本土最具影响力的民生论坛之一"
348,短视频社交,,,,,/app/com.keek,"基于微视频的社交网络"
349,疯狂陪聊,,,,,/app/com.palmdeal.talk,"你无聊陪你玩，你有困难帮你出主意的小机器人"
350,瑞丽网,,,,,/app/cn.com.rayli.magazinehouse,"时尚看得到更买得到"
351,电话对对碰,,,,,/app/cn.langma.ddp,"免费通话、交友，尽在电话对对碰！"
352,口袋·少女时代,,,,,/app/com.yinyuetai.fangarden.girls,"把少女时代装进你口袋"
353,徒步去旅行 – 驴友大本营,,,,,/app/com.augmentum.op.hiker,"户外活动大本营！"
354,捡人,,,,,/app/cn.sh.scustom.janren,"可以捡到对象的旅游软件"
355,约你妹,,,,,/app/com.lingtuan.yuenimei,"成千上万男女推荐的安全应用"
356,口袋·C.N.Blue,,,,,/app/com.yinyuetai.fangarden.blue,"这里每天都拥有C.N.Blue."
357,Steam,4.0以上,apk,2.3.9,2.69M,/app/com.valvesoftware.android.steam.community,"Steam官方客户端"
358,移动微博,,,,,/app/cn.cmcc.t,"全国第一个支持手机直播的微博"
359,富聊,社交网络,6.0.4,2019-02-28,68.68M,/app/com.esky.echat,"美女搭讪交友，男生交友不寂寞"
360,电子邮件客户端,2.2以上,apk,2.016,3.22M,/app/com.kaitenmail,"功能强大的电子邮件客户端"
361,笑话搞笑图库,,,,,/app/cn.com.faner.humor,"凡尔搞笑图库，提供在线搞笑、幽默服务。"
362,号外,,,,,/app/com.eemedia.superidol,"号外，最接近偶像的地方"
363,点点轻博客,,,,,/app/com.diandian.android,"点点--中国第一轻博客"
364,嗨一起,,,,,/app/com.hiyiqi,"嗨一起，淘玩伴！"
365,旅法师营地,,,,,/app/com.gonlan.iplaymtg,"卡牌游戏玩家集中营"
366,同城热恋,,,,,/app/com.qixi.citylove,"免费征婚相亲"
367,Rela热拉,社交网络,4.18.1,2019-03-07,107.65M,/app/com.thel,"女生专属的交友、直播APP"
368,卡车之家,,,,,/app/com.truckhome.bbs,"提供卡车报价、新闻和工具的APP"
369,Exchange邮件客户端,,,,,/app/com.nitrodesk.droid20.nitroid,"Push mail邮件客户端，支持多邮件同步"
370,我打-游戏辅助神器,,,,,/app/com.kalagame.guide,"玩家必备的游戏神器"
371,智能家居,,,,,/app/com.yuantuo.ihome,"智慧生活，从物联启航。"
372,口袋·Super,,,,,/app/com.yinyuetai.fangarden.suju,"口袋•SJ把小少年装进你口袋！"
373,是我!,,,,,/app/im.civo.client,"穿梭全球，交换生活"
374,沃动上海,,,,,/app/com.smi.wcloud,"上海联通营业厅官方客户端"
375,豆瓣线上活动,,,,,/app/com.douban.online,"豆友们用图片分享生活中的快乐与新鲜事的地方"
376,良仓：生活家的良品分享,4.0.3以上,apk,3.9.4,18.95M,/app/com.liangcang,"每个人自由分享中意之物的部落"
377,全角生活,,,,,/app/com.life360.android.safetymapd,"社交网络"
378,生活纪录片,,,,,/app/com.liba.android.meet,"人生有许多故事，每一段都值得记录"
379,百合相亲,,,,,/app/com.baihe.date,"在百合相亲，简单高效找对象！"
380,校内秘密,,,,,/app/com.xiaoneimimi.android,"时下最火热的匿名校园交友应用"
381,真想聊多人视频聊天,,,,,/app/com.tiange.hz.xliao,"一款全新的多人视频聊天软件"
382,核雕文玩网,,,,,/app/com.appbyme.app23643,"核雕文玩网，共享爱好人生！"
383,若邻网,,,,,/app/com.wealink.job,"全行业在线招聘网站"
384,易联安全邮箱,,,,,/app/ect.emessager.email,"易联安全邮箱 移动办公专家"
385,小米分享,,,,,/app/com.xiaomi.xshare,""
386,简简单单-约会交友(荐),,,,,/app/com.jjdd,"女生最多、照片真实度最高的约会交友应用! "
387,米吧,,,,,/app/com.xiaomi.topic,"米吧是由小米公司推出的国内首个移动语音、图片"
388,图喔喔,,,,,/app/com.net114.tlw.getpicmainview,"图片社交应用，用图片来表达世界"
389,优艺,,,,,/app/com.woxingwoxiu.showvideo.activity,"女神邀你欢歌笑舞、演绎童话爱情"
390,拉拉公园,,,,,/app/com.redwolfama.peonylespark,"与附近的les不期而遇"
391,欢乐直播,,,,,/app/com.tiange.hz.happy88,"一款爽爆了的美女视频聊天APP"
392,Arming微博(新浪版),,,,,/app/com.armingstudio.weibo,"小巧、快速、高清显示的微博客户端"
393,聚友网,,,,,/app/com.myspace.android,"手机随时随地上聚友网，与好朋友分享快乐"
394,Spring新浪微博,,,,,/app/com.sprding.spring,"好用的新浪微博客户端"
395,密友,,,,,/app/com.sina.meyou,"微博关注的人太多，用密友和朋友保持联系"
396,QQ签名档,,,,,/app/com.appwill.reddit.lyqqstatus,"在这个“神马都是浮云”的时代,你的签名“给力"
397,掌上大学,4.0以上,apk,6.2.0,19.97M,/app/com.realcloud.loochadroid.college,"大学生趣味社交"
398,瓶子,,,,,/app/com.gamesloc.bottle," 真正的LBG游戏，及时关注周围的好友"
399,天气应用程序,,,,,/app/com.macropinch.swan,"设计明确，简单而又直观的天气APP"
400,单身在线,社交网络,5.0.0,2019-01-31,6.20M,/app/com.wzzn.singleonline,"在线单身都在这儿！交友聊天免费"
401,悄悄话漂流瓶,4.1以上,apk,3.5.0,9.02M,/app/net.sjang.sail,"网络交友"
402,Topit图库,1.0以上,apk,0.9,0.88M,/app/com.topit,"图片分享社交网站topit.me安卓客户端"
403,军旗—寻找喜欢玩军旗的朋友！,2.1以上,apk,1.2,4.98M,/app/com.ifudi.coushou.view.a11,"兴趣圈子从凑手开始！"
404,智慧照片库,4.1以上,apk,3.9.1,16.48M,/app/com.flayvr.flayvr,"在酷炫的照片和视频专辑中拾遗"
405,我和你,社交网络,3.6.0,2018-09-15,25.08M,/app/com.hkx.youandme,"情侣约会，手机定位找人软件"
406,写字先生,社交网络,3.7.4,2019-01-26,64.93M,/app/com.font,"修身养性的文艺书法社区"
407,陪聊神兽,2.2以上,apk,2.14,2.27M,/app/com.lamarobot.activity,"无论你聊什么，它都会找打话题"
408,布谷提醒 生日微信短信祝福 ＆ 节日聚划算活动提醒,2.2以上,apk,2.2.7,3.46M,/app/com.my1net.gift91,"聚划算开团限时促销"
409,Banjo,2.3以上,apk,4.6.2.1,9.26M,/app/com.banjo.android,"基于地理位置发现附近好友的移动社交应用"
410,百搭女王,2.2以上,apk,2.1.7,7.12M,/app/com.mobibrothers.fittingqueen,"随时随地与闺蜜分享时尚态度"
411,视频达人秀,2.2以上,apk,4.0.4,15.16M,/app/com.kxshow,"看美女直播，就来视频达人秀！！！"
412,拓拓,2.2以上,apk,3.1.0,10.91M,/app/cn.gaialine.talkage,"一款基于手机通讯的移动社交应用"
413,美剧迷,2.2以上,apk,4.2.0,3.28M,/app/com.thefansbook.meiju,"美剧迷全新改版，为您精心挑选最新最全的美剧资讯"
414,寂寞单身约会,4.0以上,apk,5.6.0,9.00M,/app/com.youyuan.mmsp,"不再独自忍受夜夜孤独与寂寞"
415,杨幂D版,2.2以上,apk,1.2.8,4.89M,/app/com.myyangmi,"杨幂粉丝专属APP"
416,爆米花美女秀,1.5以上,apk,1.1.4,4.97M,/app/com.camundo,"爆米花美女秀，最热辣最风情的美女视频直播，免"
417,穿吧-真人搭配秀,2.1以上,apk,2.8,2.55M,/app/com.ruci.chuanba,"穿吧，真人搭配秀"
418,同城交友简单爱,2.2以上,apk,2.5.0,7.38M,/app/com.easylove,"简单爱，寻找最简单的爱情"
419,相亲交友百合网男才女貌,2.2以上,apk,2.2.0,7.40M,/app/com.perfectmatch,"相亲交友同城约会异性聊天首选！"
420,去哪儿找美女,2.2以上,apk,1.4.1,3.00M,/app/com.thefansbook.weibotopic.qunarmm,"去哪儿找美女"
421,推爱,,,,,/app/org.zywx.wbpalmstar.widgetone.uex11123053,"一款最靠谱安全的婚恋交友软件"
422,海底捞,,,,,/app/com.haidilao,"好火锅会说话"
423,面聊,,,,,/app/com.tjut.mianliao,"校园最in的短视频社区"
424,爸妈在哪儿,,,,,/app/com.coomix.app.familysms,"对爸妈的关爱如影随形"
425,Couple,,,,,/app/com.tenthbit.juliet,"最适合情侣使用的程式"
426,时空网,,,,,/app/com.gxsky.android.bbs,"时空网安卓客户端"
427,TT译聊,,,,,/app/com.ruptech.chinatalk,"TT译聊，让你与世界紧紧相连！"
428,同同,,,,,/app/tt.android,"国内第一款GAY和LES社交软件"
429,疯点,,,,,/app/com.agesets.im,"专注于真实的大学生社交网络"
430,心理医生,2.1以上,apk,v2.3,4.81M,/app/cn.xrong.mobile,"心理医生"
431,微水木,,,,,/app/com.demon.weism,""
432,整容通整形大师,,,,,/app/com.szst.hgzrt,"赴韩整形 你值得拥有！"
433,照片发至未来,,,,,/app/com.throwbackapp.throwback,""
434,爱滔客手机对讲,,,,,/app/cn.com.ipoc,"爱滔客(airtalkee)，最真实的语音交友社区"
435,陪陪,,,,,/app/com.tshang.peipei,"万千魅力女神陪您聊天陪您玩"
436,猜猜(匿名与小伙伴表白倾诉约会),,,,,/app/com.caicai.app,"匿名与小伙伴说真心话"
437,肥皂心情,,,,,/app/com.Feizao.app,"用漫画分享心情"
438,微领地,,,,,/app/com.gypsii.elingdi.activity,"新浪官方出品，基于位置的移动社交应用"
439,爆笑江湖,,,,,/app/com.daywin.secret,"爆笑江湖，消灭不开心。"
440,车途邦,,,,,/app/com.xd.ctb,"史上最强大的汽车保姆应用软件"
441,悠悠,,,,,/app/com.jingling.yoyo,"悠悠，开启了一种全新的社交方式"
442,咪客装扮,,,,,/app/cn.micat.ui,"咪客装扮—要你好看！"
443,哇啦,,,,,/app/com.socialtv,"东方卫视官方电视互动应用"
444,聚同,,,,,/app/com.gay59,"聚同，你身边的好基友。"
445,笑掉大牙&极品笑话,,,,,/app/com.u8yes.joke.activity,"娱乐仓库、笑料宝典，没有你不哈哈大小的理由。"
446,视缘交友,,,,,/app/com.zky.shiyuan,"视频交友娱乐平台"
447,天翼3G俱乐部,,,,,/app/com.lenovocw.music,"一款基于智能手机的娱乐软件"
448,LINE微片,,,,,/app/com.linecorp.snapmovie,"LINE拍摄·编辑视频的应用"
449,VClub新浪微博客户端,2.1以上,apk,12/7/23,3.70M,/app/com.flyjava.yiweibo,"基于微博分析、提供丰富的应用和用户体验"
450,百合非诚勿扰,,,,,/app/com.itotem.sincere,"百合非诚勿扰是百合网为广大手机用户推出的移动"
451,POCO照片,,,,,/app/cn.poco.wblog,"POCO照片(原POCO365)，是一款手机照片和微博图片管理工具。"
452,芒果圈,,,,,/app/com.hunantv.tazai,"随时随地加入芒果台互动，轻轻松松赢得大奖"
453,GPS辅助器,,,,,/app/net.canaryx.gpsaids,"GPS通讯辅助工具"
454,爆笑校园,,,,,/app/com.wisedu.campusjoke.activity,"集合全宇宙最爆笑、最精彩的校园生活段子"
455,YOHO!E潮流,,,,,/app/cn.yoho.evogue.activity,"潮流,随行而至。"
456,玩啥e族,,,,,/app/com.javgame.wansha,"玩啥"
457,雅虎通中文版,,,,,/app/com.hiyahoo,"全球用户量最多的即时通讯软件之一"
458,北海365网,,,,,/app/org.zywx.wbpalmstar.widgetone.uex11120320,"北海365网"
459,天天饮食,,,,,/app/com.thefansbook.ttys,"天天饮食"
460,我要打羽毛球,,,,,/app/com.ibadminton,"我要打羽毛球"
461,喷嚏图卦,,,,,/app/com.cimi.pic.news,"让我们更清楚地了解这个世界！"
462,Ameba日本版:Ameba,,,,,/app/jp.ameba,"各种日本明星博客网站~"
463,夜讯,,,,,/app/com.yeamo4,"夜讯-点亮你的夜生活"
464,哈图,,,,,/app/com.appmagics.magics,"「超现实体验移动社交」"
465,Who Talking - 腾讯微博客户端,,,,,/app/com.orient.whotalking,"腾讯微博第三方客户端"
466,摇摇电视,,,,,/app/com.star.yytv,"微博新用法，电视新玩法"
467,珍爱&百里挑一,,,,,/app/com.zhenai.blty,"都市单身男女青年提供在电视上相识、相恋的平台"
468,吹泡泡搞对象,,,,,/app/com.blsm.rlnn,"随时随地找对象，就看你的了"
469,洋葱圈 - 体育社区,,,,,/app/com.sponia.ycq,"分享体育快乐"
470,美发秀发型助手,,,,,/app/com.mifashow,"美发秀有你附近发型师的信息!"
471,搜道美女时钟,,,,,/app/com.sodao.beautytime,"以1分钟展示一个美女，每天每个城市展示144"
472,娱乐猫,,,,,/app/com.yulemao.sns,"娱乐社交"
473,Slingshot照片分享,,,,,/app/com.facebook.slingshot,"帮Facebook用户分享某个“瞬间”"
474,表情mm,,,,,/app/com.siyanhui.emojimm,"免费下载明星表情"
475,星梦,,,,,/app/com.chinaidol.ui,"星梦—汇赛事聚偶像凝粉丝"
476,天天看看美女,,,,,/app/cn.com.yutian.qsyk.activity,"天天看看，要你好看！"
477,探探,,,,,/app/com.p1.mobile.putong,"约不约，先看脸。叔叔，我们不约。"
478,优聊,,,,,/app/cn.youliao365,"单身男女专属聊天交友平台"
479,语玩-同城交友约会聊天室,,,,,/app/cn.longmaster.pengpeng,"视频相亲直播，快速邂逅意中人。"
480,Chance,,,,,/app/com.chance.ui,"你能看见的人，都被映射在你的手"
481,闹钟控,,,,,/app/com.rumtel.clock,"听见你为我设置的闹铃是幸福"
482,8PM,,,,,/app/ivgrp.co.yoyo9,"8秒速拍•即时约见"
483,奇遇,,,,,/app/com.snda.qiyu,"潮人必备时尚交友软件！"
484,Hi-夜店,,,,,/app/wen.ddsjw.mhd,"交友搭讪微博控"
485,健康减肥4加1,,,,,/app/com.goog4fit,"健康减肥4加1带您进入数字运动新世界!"
486,爱真心婚恋,,,,,/app/com.izhenxin,"恋爱不分场合，邂逅无关地点，火"
487,开心明星脸,,,,,/app/com.tapindata.happyfamousface,"开心明星脸是测试与明星相似度的应用"
488,同学闹钟,2.2以上,apk,1.2,3.92M,/app/me.dtclock,"真人互助起床应用，猜猜明天谁会叫你起床？"
489,博客管理工具,,,,,/app/org.wordpress.android,"支持wordpress博客的工具"
490,画聊：涂鸦聊天交友,,,,,/app/com.haowan.hualiao,"画聊是一款涂鸦聊天交友软件。 "
491,9monsters,,,,,/app/jp.co.applibros.alligatorxx,"同志APP诞生"
492,神马浏览器,,,,,/app/jp.co.fenrir.android.sleipnir_test,"功能强大的浏览器"
493,扣扣,,,,,/app/com.cndw,"扣扣交友,从陌生人到朋友!"
494,笑P孩,,,,,/app/com.lin.idea,"笑P孩，把快乐带回家"
495,陌聊,,,,,/app/com.leu.moliao,"最熟悉的陌生人，尽在陌聊~"
496,沪江外语碎碎,,,,,/app/com.hj.ssn,"分享你学习、生活的碎片，刷微博，学外语"
497,玫瑰婚恋交友,,,,,/app/com.meiguihunlian,"玫瑰婚恋交友，帮你迅速告别单身！"
498,拒宅-找伴出去玩,,,,,/app/com.juzhai.android,"拒宅是一款脱宅利器！助你找伴出去玩！"
499,无聊时刻,,,,,/app/com.fengxun.wuliao,"最新鲜的无聊破事与俗图"
500,姐的那点事儿,,,,,/app/com.hulutan.cryptolalia,"女人的私密花园"
501,多朋兴趣社交,2.1以上,apk,1.4.9,2.64M,/app/com.xlhtol,"玩多朋—帮你找到更多志趣相投的朋友！"
502,百度小知,,,,,/app/com.baidu.xiaozhi,"百度小知，是一个可爱、靠谱的语音问答小精灵"
503,迅雷方舟,,,,,/app/com.xunlei.walkbox,"互动、交流、分享、海量资源、无限存储"
504,108社区,,,,,/app/com.changshuo.ui,"随时关注身边事，就上108社区！"
505,星巴克中国FC,,,,,/app/com.thefansbook.starbucks,"星巴克粉丝会 FANS CLUB"
506,PIXIV插画鉴赏,,,,,/app/com.kaede.aa_pixiv,"鉴赏Pixiv上的各种精美插画"
507,Maaii：免费通话及消息聊天,,,,,/app/com.maaii.maaii,"Maaii•免费通话和聊天"
508,台球——寻找喜欢打台球的朋友！,,,,,/app/com.ifudi.coushou.view.a18,"兴趣圈子从凑手开始！"
509,口袋·防弹少年团,,,,,/app/com.yinyuetai.fangarden.bts,"防弹少年团 快来认领你的小防弹！"
510,嘣嘣怦怦邮箱,4.0以上,apk,4.2.7,17.55M,/app/com.fuzixx.dokidokipostbox,"嘣嘣怦怦邮箱[2.9] - 最快和最简单的即"
511,告白墙,,,,,/app/cn.hupoguang.confessionswall,"一款以时间为线索进行方便告白应用"
512,杀人游戏—寻找喜欢玩杀人游戏的朋友！,,,,,/app/com.ifudi.coushou.view.a1,"兴趣圈子从凑手开始！"
513,推推聊天室,,,,,/app/app.taolesschat,"全国最火爆的手机聊天室，随时随地的交友聊天。"
514,开心爱,,,,,/app/com.kaixinai.love,"开心爱：找感兴趣的人聊天"
515,推特客户端,,,,,/app/jp.r246.twicca,"Twitter第三方版本"
516,OMGTALK匿名聊天,,,,,/app/net.yebaihe.tool.omgtalk,"野百合制作一款匿名聊天软件"
517,敢拍敢秀,,,,,/app/me.ganxiu.activity,"只能看10秒的邪恶图片社交应用"
518,方言Chat,,,,,/app/com.yilonggu.local,"一款基于微信发送方言语音APP"
519,推兔,,,,,/app/com.caishi.tuitu,"微博应用推兔手机版"
520,站台-同城邂逅神器,,,,,/app/com.ubox.station,"同城邂逅神器"
521,众信悠哉旅游,,,,,/app/com.uzai.app,"众信春节送豪礼，全家人的海外新年"
522,圈圈,,,,,/app/com.baitian.projectA.qq,"全国最大的95、00后交流社区"
523,开源中国,,,,,/app/net.oschina.app,"开源中国社区"
524,饭团-TOP,,,,,/app/com.ishehui.x48,"连续100周排行第一。"
525,师兄帮帮忙-有困难找师兄,,,,,/app/com.sxbbm.mobile,"予人玫瑰，手有余香"
526,化龙巷,,,,,/app/com.hualongxiang,"化龙巷官方app —常州新闻资"
527,自驾对讲机,,,,,/app/com.jjftp.ptt,"专为自驾出游设计"
528,学化妆找小米-跟小米老师学习化妆美容技巧,,,,,/app/cn.zhui.client814933,"跟小米老师学习化妆美容技巧，成就完美新娘！"
529,聊吧,,,,,/app/com.tapindata.tochat,"找人聊天,从此告别孤单"
530,爱的档案,,,,,/app/com.ureading.loverecords,"一款家庭情感档案管理软件"
531,微播美女直播,3.0以上,apk,1.6.1,18.05M,/app/com.rednovo.weibo,"最好玩的视频交友聊天软件"
532,新浪读书,,,,,/app/com.thefansbook.xlds,"新浪读书"
533,搞笑谜语,,,,,/app/OTbearAnswerGX.namespace,"“猜谜语”与“查谜底” 搞笑有趣的谜语"
534,行善,,,,,/app/net.imore.client.iwalker,"走路做公益"
535,多聊社交网络电话,,,,,/app/com.dotalk.social,"最省钱的网络电话"
536,色影无忌论坛2013,,,,,/app/com.xitek.wujiforum2013,"为摄影爱好者提供交流的网络平台"
537,智能家居,,,,,/app/cc.wulian.ihome.hd,"远程控制，监控质量，安全保护"
538,28星宿,,,,,/app/oms.mmc.independent.fortunetelling.fate.xingxiu,"想知道你和对方的星宿配对么？"
539,智@考研,,,,,/app/yan.android.client,"为考研达人量身定制的考研资讯平台"
540,约陌,,,,,/app/com.colcy.wetogether,"活动 约会 聊天"
541,口袋·Infinite,,,,,/app/com.yinyuetai.fangarden.infinite,"专属Infinite的追星神器"
542,缘来交友,,,,,/app/cn.zhui.client517653,"随时随地上缘来，下一个转角遇到爱"
543,省钱宝免费电话,,,,,/app/hk.ttub.ucall,"省钱电话，沟通无价"
544,篮球——寻找喜欢打篮球的朋友！,,,,,/app/com.ifudi.coushou.view.a19,"兴趣圈子从凑手开始！"
545,My全民直播,,,,,/app/com.ztgame.dudu,"美女视频直播，语音K歌交友"
546,脑筋急转弯,,,,,/app/jones.nzjzw,"脑筋急转弯"
547,《全球使命》掌上应用,,,,,/app/com.zygames.m.android.qqsm,"《全球使命》掌上应用2.0"
548,密码酷,,,,,/app/net.ask123.mima96,"让你查密码，论数字，不再是难事！"
549,男生宿舍-社区交友,,,,,/app/com.wisedu.hostel,"打造年轻人专属的移动交友社区"
550,流量拦截王-节约流量&实用应用&微博分享,,,,,/app/com.mm.plugins.contactsprotect.APNSwitch1,"防止手机应用随意下载资源 "
551,海狸娱乐,,,,,/app/com.yunva.yaya,"激情、动感、火辣的视频直播"
552,求约会,,,,,/app/com.date,"至诚相约、想你所求"
553,推特联系人,,,,,/app/com.handmark.tweetcaster,"社交网络"
554,靠近,,,,,/app/com.yuanlai.android.yuanlai,"开启你的移动社交生活！"
555,私密聊天,,,,,/app/com.sepialabs.glassboard,"一款主打私密聊天功能的应用"
556,17SNK台球,,,,,/app/com.snooker.activity,"中国首家台球潮人服务平台"
557,学生圈,,,,,/app/com.sec.uskytecsec,"专属高校师生的综合信息交流平台"
558,地宝论坛,,,,,/app/org.zywx.wbpalmstar.widgetone.uex10086840,"地宝论坛为地宝网论坛客户端"
559,全校通,,,,,/app/com.xwg.cc,"为中小学量身打造的移动通讯平台"
560,神机工场,,,,,/app/com.lenovo.mgc,"参与众测，和机友一起吐槽赢奖品！"
561,像素鸟炫耀器,,,,,/app/com.ycm.bird,"点击屏幕 ＞ 输入你要的分数 ＞ 自动截图分享 ＞ 吓傻小伙伴！"
562,无线邻居,,,,,/app/com.yeeron.wifineighbour,"无线邻居，无处不在的邻居"
563,小野猫,,,,,/app/com.android.sexycat,"最性感的情趣社区平台"
564,全民股神,4.0以上,apk,4.1.0,14.59M,/app/com.tradehero.th,"最受全球投资者欢迎的炒股软件"
565,口袋巴士论坛,,,,,/app/com.wanmei.ptbus,"手机游戏第一玩家论坛"
566,拍么,,,,,/app/com.nvshengpai.android,"中国最大视频互动交友社区"
567,闪遇,,,,,/app/com.hjt.im,"全球首款匿名手机通话类社交产品"
568,美萌,,,,,/app/com.wangzhi.beauty,"中文最大女生社区， 萌妹纸成精必备"
569,TwitCasting Live: Live Stream,,,,,/app/com.sidefeed.TCLive,""
570,Petaco可爱记事本,,,,,/app/jp.co.kakao.petaco,"通过记事本分享自己的计划"
571,中华论坛,,,,,/app/com.china.app.bbsandroid,"中国最具影响力的移动社区平台"
572,追星族,,,,,/app/cn.com.starchaser.android.browser,"【追星族】粉丝追星和饭后八卦的必备应用。"
573,寒山闻钟,,,,,/app/com.glavesoft.suzhou.main,"寒山闻钟"
574,宠物约会,,,,,/app/com.honorwater.petdating,"约会吧，以宠物的名义~"
575,口语角儿,,,,,/app/com.kouyujiaoer.kouyujiaoer,"交朋友练口语, 轻松学英语"
576,云筑圈,,,,,/app/com.yunzo.coc,"专属于商人、企业家的移动社交软件"
